<?xml version="1.0" encoding="UTF-8" standalone="yes"?>
<addon id="repository.mildman1848" name="mildman1848 Repository" provider-name="mildman1848" version="1.0.3">
  <extension point="xbmc.addon.repository" name="mildman1848 Repository">
    <dir>
      <info compressed="false">https://mildman1848.github.io/repo/addons.xml</info>
      <checksum>https://mildman1848.github.io/repo/addons.xml.md5</checksum>
      <datadir zip="true">https://mildman1848.github.io/repo/</datadir>
    </dir>
  </extension>
  <extension point="xbmc.addon.metadata">
    <platform>all</platform>
    <summary lang="de_DE">Kodi Repository von mildman1848</summary>
    <summary lang="en_GB">Kodi repository by mildman1848</summary>
    <description lang="de_DE">Basis-Repository ohne eigene Addons.</description>
    <description lang="en_GB">Base repository without own addons yet.</description>
    <website>https://mildman1848.github.io/</website>
    <assets>
      <icon>icon.png</icon>
    </assets>
  </extension>
</addon>
