<?xml version="1.0" encoding="UTF-8"?>
<addon id="plugin.video.vavootv" name="VavooTV" version="4.4" provider-name="Akisame">
	<requires>
		<import addon="script.module.requests"/>
		<import addon="script.module.infotagger"/>
		<import addon="inputstream.adaptive" optional="true"/>
		<import addon="inputstream.ffmpegdirect" optional="true"/>
		<import addon="script.module.pydevd" optional="true"/>
	</requires>
	<extension point="xbmc.python.pluginsource" library="main.py">
		<provides>video</provides>
	</extension>
	<extension point="xbmc.python.module" library="resources" />
	<extension point="xbmc.addon.metadata">
		<assets>
			<icon>icon.png</icon>
		</assets>
	</extension>
</addon>
